,_id,userInputs,userID,sessionID,stationID,spaceID,siteID,clusterID,connectionTime,disconnectTime,kWhDelivered,doneChargingTime,timezone
0,5eeab592f9af8b7423abd4c3,"[{'userID': 5594, 'milesRequested': 20, 'WhPerMile': 400, 'minutesAvailable': 327, 'modifiedAt': 'Mon, 01 Jun 2020 19:52:47 GMT', 'paymentRequired': True, 'requestedDeparture': 'Tue, 02 Jun 2020 01:19:47 GMT', 'kWhRequested': 8.0}, {'userID': 5594, 'milesRequested': 20, 'WhPerMile': 400, 'minutesAvailable': 327, 'modifiedAt': 'Mon, 01 Jun 2020 19:52:52 GMT', 'paymentRequired': True, 'requestedDeparture': 'Tue, 02 Jun 2020 01:19:47 GMT', 'kWhRequested': 8.0}, {'userID': 5594, 'milesRequested': 20, 'WhPerMile': 400, 'minutesAvailable': 327, 'modifiedAt': 'Mon, 01 Jun 2020 19:53:41 GMT', 'paymentRequired': True, 'requestedDeparture': 'Tue, 02 Jun 2020 01:19:47 GMT', 'kWhRequested': 8.0}]",000005594,2_39_131_30_2020-06-01 19:52:31.469281,2-39-131-30,CA-305,0002,0039,2020-06-01 12:52:47-07:00,2020-06-01 15:59:39-07:00,6.202,,America/Los_Angeles
1,5eed588bf9af8b78100a5775,"[{'userID': 3424, 'milesRequested': 140, 'WhPerMile': 295, 'minutesAvailable': 269, 'modifiedAt': 'Wed, 03 Jun 2020 19:32:16 GMT', 'paymentRequired': True, 'requestedDeparture': 'Thu, 04 Jun 2020 00:00:58 GMT', 'kWhRequested': 41.3}, {'userID': 3424, 'milesRequested': 140, 'WhPerMile': 295, 'minutesAvailable': 350, 'modifiedAt': 'Wed, 03 Jun 2020 23:19:01 GMT', 'paymentRequired': True, 'requestedDeparture': 'Thu, 04 Jun 2020 01:21:58 GMT', 'kWhRequested': 41.3}]",000003424,2_39_79_378_2020-06-03 19:31:58.335579,2-39-79-378,CA-326,0002,0039,2020-06-03 12:31:58-07:00,2020-06-03 18:05:37-07:00,36.333,,America/Los_Angeles
2,5eed588bf9af8b78100a5776,"[{'userID': 67, 'milesRequested': 220, 'WhPerMile': 250, 'minutesAvailable': 553, 'modifiedAt': 'Thu, 04 Jun 2020 03:10:24 GMT', 'paymentRequired': True, 'requestedDeparture': 'Thu, 04 Jun 2020 12:23:04 GMT', 'kWhRequested': 55.0}, {'userID': 67, 'milesRequested': 220, 'WhPerMile': 250, 'minutesAvailable': 554, 'modifiedAt': 'Thu, 04 Jun 2020 03:12:27 GMT', 'paymentRequired': True, 'requestedDeparture': 'Thu, 04 Jun 2020 12:24:04 GMT', 'kWhRequested': 55.0}, {'userID': 67, 'milesRequested': 220, 'WhPerMile': 250, 'minutesAvailable': 559, 'modifiedAt': 'Thu, 04 Jun 2020 03:17:36 GMT', 'paymentRequired': True, 'requestedDeparture': 'Thu, 04 Jun 2020 12:29:04 GMT', 'kWhRequested': 55.0}]",000000067,2_39_138_29_2020-06-04 03:10:04.130797,2-39-138-29,CA-304,0002,0039,2020-06-03 20:10:04-07:00,2020-06-04 16:17:27-07:00,36.584,,America/Los_Angeles
3,5eeeaa0df9af8b7a130be5bf,"[{'userID': 1316, 'milesRequested': 130, 'WhPerMile': 400, 'minutesAvailable': 228, 'modifiedAt': 'Thu, 04 Jun 2020 15:35:35 GMT', 'paymentRequired': True, 'requestedDeparture': 'Thu, 04 Jun 2020 19:23:19 GMT', 'kWhRequested': 52.0}]",000001316,2_39_129_17_2020-06-04 15:35:19.416716,2-39-129-17,CA-307,0002,0039,2020-06-04 08:35:19-07:00,2020-06-04 12:11:48-07:00,19.641,,America/Los_Angeles
4,5eeeaa0df9af8b7a130be5c0,"[{'userID': 1395, 'milesRequested': 40, 'WhPerMile': 400, 'minutesAvailable': 390, 'modifiedAt': 'Fri, 05 Jun 2020 01:00:35 GMT', 'paymentRequired': True, 'requestedDeparture': 'Fri, 05 Jun 2020 07:29:56 GMT', 'kWhRequested': 16.0}]",000001395,2_39_125_21_2020-06-05 00:59:56.183545,2-39-125-21,CA-311,0002,0039,2020-06-04 17:59:56-07:00,2020-06-04 18:23:47-07:00,1.247,,America/Los_Angeles
5,5ef14d0bf9af8b7e468ea69f,"[{'userID': 300, 'milesRequested': 100, 'WhPerMile': 400, 'minutesAvailable': 687, 'modifiedAt': 'Sun, 07 Jun 2020 03:58:13 GMT', 'paymentRequired': True, 'requestedDeparture': 'Sun, 07 Jun 2020 15:24:58 GMT', 'kWhRequested': 40.0}]",000000300,2_39_138_29_2020-06-07 03:57:57.631474,2-39-138-29,CA-304,0002,0039,2020-06-06 20:57:58-07:00,2020-06-07 08:07:10-07:00,30.234,2020-06-07 01:36:49-07:00,America/Los_Angeles
6,5ef29e8af9af8b017cc3760f,,,2_39_139_28_2020-06-08 01:03:23.719066,2-39-139-28,CA-303,0002,0039,2020-06-07 18:03:24-07:00,2020-06-07 18:42:44-07:00,0.814,2020-06-07 18:33:31-07:00,America/Los_Angeles
7,5ef3f00bf9af8b039ea8261a,"[{'userID': 248, 'milesRequested': 150, 'WhPerMile': 250, 'minutesAvailable': 911, 'modifiedAt': 'Mon, 08 Jun 2020 16:11:27 GMT', 'paymentRequired': True, 'requestedDeparture': 'Tue, 09 Jun 2020 07:22:08 GMT', 'kWhRequested': 37.5}]",000000248,2_39_79_377_2020-06-08 16:11:08.435856,2-39-79-377,CA-325,0002,0039,2020-06-08 09:11:08-07:00,2020-06-08 14:58:57-07:00,37.505,2020-06-08 14:42:17-07:00,America/Los_Angeles
8,5ef3f00bf9af8b039ea8261b,"[{'userID': 1526, 'milesRequested': 50, 'WhPerMile': 333, 'minutesAvailable': 625, 'modifiedAt': 'Mon, 08 Jun 2020 16:47:55 GMT', 'paymentRequired': True, 'requestedDeparture': 'Tue, 09 Jun 2020 03:12:29 GMT', 'kWhRequested': 16.65}]",000001526,2_39_79_382_2020-06-08 16:47:28.606245,2-39-79-382,CA-491,0002,0039,2020-06-08 09:47:29-07:00,2020-06-08 18:53:08-07:00,12.146,2020-06-08 13:20:47-07:00,America/Los_Angeles
9,5ef5418af9af8b05b7146679,"[{'userID': 1526, 'milesRequested': 50, 'WhPerMile': 300, 'minutesAvailable': 625, 'modifiedAt': 'Tue, 09 Jun 2020 16:28:32 GMT', 'paymentRequired': True, 'requestedDeparture': 'Wed, 10 Jun 2020 02:49:21 GMT', 'kWhRequested': 15.0}]",000001526,2_39_79_382_2020-06-09 16:24:21.244900,2-39-79-382,CA-491,0002,0039,2020-06-09 09:24:21-07:00,2020-06-09 13:28:01-07:00,14.06,2020-06-09 13:27:56-07:00,America/Los_Angeles
10,5ef7e48ef9af8b09cdaec736,"[{'userID': 6952, 'milesRequested': 75, 'WhPerMile': 320, 'minutesAvailable': 274, 'modifiedAt': 'Thu, 11 Jun 2020 20:18:00 GMT', 'paymentRequired': True, 'requestedDeparture': 'Fri, 12 Jun 2020 00:51:59 GMT', 'kWhRequested': 24.0}]",000006952,2_39_78_365_2020-06-11 20:17:59.169246,2-39-78-365,CA-321,0002,0039,2020-06-11 13:17:59-07:00,2020-06-11 20:42:51-07:00,2.494,2020-06-11 20:39:02-07:00,America/Los_Angeles
11,5ef9360af9af8b0c125996e9,"[{'userID': 1920, 'milesRequested': 20, 'WhPerMile': 600, 'minutesAvailable': 109, 'modifiedAt': 'Fri, 12 Jun 2020 14:51:46 GMT', 'paymentRequired': True, 'requestedDeparture': 'Fri, 12 Jun 2020 16:39:17 GMT', 'kWhRequested': 12.0}]",000001920,2_39_125_21_2020-06-12 14:50:16.823511,2-39-125-21,CA-311,0002,0039,2020-06-12 07:50:17-07:00,2020-06-12 08:00:16-07:00,0.51,2020-06-12 08:00:11-07:00,America/Los_Angeles
12,5ef9360af9af8b0c125996ea,"[{'userID': 5594, 'milesRequested': 20, 'WhPerMile': 400, 'minutesAvailable': 327, 'modifiedAt': 'Fri, 12 Jun 2020 21:13:33 GMT', 'paymentRequired': True, 'requestedDeparture': 'Sat, 13 Jun 2020 02:40:33 GMT', 'kWhRequested': 8.0}, {'userID': 5594, 'milesRequested': 20, 'WhPerMile': 400, 'minutesAvailable': 328, 'modifiedAt': 'Fri, 12 Jun 2020 21:56:02 GMT', 'paymentRequired': True, 'requestedDeparture': 'Sat, 13 Jun 2020 02:41:33 GMT', 'kWhRequested': 8.0}, {'userID': 5594, 'milesRequested': 20, 'WhPerMile': 400, 'minutesAvailable': 328, 'modifiedAt': 'Fri, 12 Jun 2020 21:56:18 GMT', 'paymentRequired': True, 'requestedDeparture': 'Sat, 13 Jun 2020 02:41:33 GMT', 'kWhRequested': 8.0}]",000005594,2_39_131_30_2020-06-12 21:13:14.362038,2-39-131-30,CA-305,0002,0039,2020-06-12 14:13:33-07:00,2020-06-12 14:57:14-07:00,2.32,2020-06-12 14:56:22-07:00,America/Los_Angeles
13,5efa878cf9af8b0e10f832e1,"[{'userID': 1085, 'milesRequested': 120, 'WhPerMile': 283, 'minutesAvailable': 432, 'modifiedAt': 'Sat, 13 Jun 2020 19:17:41 GMT', 'paymentRequired': True, 'requestedDeparture': 'Sun, 14 Jun 2020 02:29:35 GMT', 'kWhRequested': 33.96}, {'userID': 1085, 'milesRequested': 140, 'WhPerMile': 283, 'minutesAvailable': 432, 'modifiedAt': 'Sat, 13 Jun 2020 19:17:58 GMT', 'paymentRequired': True, 'requestedDeparture': 'Sun, 14 Jun 2020 02:29:35 GMT', 'kWhRequested': 39.62}]",000001085,2_39_130_31_2020-06-13 19:17:35.488303,2-39-130-31,CA-306,0002,0039,2020-06-13 12:17:35-07:00,2020-06-13 18:38:20-07:00,35.548,2020-06-13 17:41:10-07:00,America/Los_Angeles
14,5efa878cf9af8b0e10f832e2,"[{'userID': 300, 'milesRequested': 100, 'WhPerMile': 400, 'minutesAvailable': 687, 'modifiedAt': 'Sun, 14 Jun 2020 03:14:52 GMT', 'paymentRequired': True, 'requestedDeparture': 'Sun, 14 Jun 2020 14:41:07 GMT', 'kWhRequested': 40.0}]",000000300,2_39_139_28_2020-06-14 03:14:06.864489,2-39-139-28,CA-303,0002,0039,2020-06-13 20:14:07-07:00,2020-06-14 06:35:33-07:00,17.283,2020-06-13 22:55:32-07:00,America/Los_Angeles
15,5effcd8ef9af8b168b96e403,"[{'userID': 6952, 'milesRequested': 75, 'WhPerMile': 240, 'minutesAvailable': 309, 'modifiedAt': 'Wed, 17 Jun 2020 19:42:06 GMT', 'paymentRequired': True, 'requestedDeparture': 'Thu, 18 Jun 2020 00:51:04 GMT', 'kWhRequested': 18.0}]",000006952,2_39_89_439_2020-06-17 19:42:03.834998,2-39-89-439,CA-501,0002,0039,2020-06-17 12:42:04-07:00,2020-06-17 21:19:33-07:00,6.35,2020-06-17 14:31:44-07:00,America/Los_Angeles
16,5effcd8ef9af8b168b96e404,"[{'userID': 489, 'milesRequested': 230, 'WhPerMile': 446, 'minutesAvailable': 720, 'modifiedAt': 'Thu, 18 Jun 2020 01:38:54 GMT', 'paymentRequired': True, 'requestedDeparture': 'Thu, 18 Jun 2020 13:38:18 GMT', 'kWhRequested': 102.58}, {'userID': 489, 'milesRequested': 230, 'WhPerMile': 446, 'minutesAvailable': 694, 'modifiedAt': 'Thu, 18 Jun 2020 01:39:02 GMT', 'paymentRequired': True, 'requestedDeparture': 'Thu, 18 Jun 2020 13:12:18 GMT', 'kWhRequested': 102.58}, {'userID': 489, 'milesRequested': 230, 'WhPerMile': 446, 'minutesAvailable': 720, 'modifiedAt': 'Thu, 18 Jun 2020 01:39:07 GMT', 'paymentRequired': True, 'requestedDeparture': 'Thu, 18 Jun 2020 13:38:18 GMT', 'kWhRequested': 102.58}, {'userID': 489, 'milesRequested': 230, 'WhPerMile': 446, 'minutesAvailable': 720, 'modifiedAt': 'Thu, 18 Jun 2020 01:39:24 GMT', 'paymentRequired': True, 'requestedDeparture': 'Thu, 18 Jun 2020 13:38:18 GMT', 'kWhRequested': 102.58}]",000000489,2_39_129_17_2020-06-18 01:38:18.424678,2-39-129-17,CA-307,0002,0039,2020-06-17 18:38:18-07:00,2020-06-18 11:50:15-07:00,52.368,2020-06-18 02:40:15-07:00,America/Los_Angeles
17,5f011f0cf9af8b1885758ea4,"[{'userID': 6952, 'milesRequested': 75, 'WhPerMile': 240, 'minutesAvailable': 309, 'modifiedAt': 'Thu, 18 Jun 2020 16:27:12 GMT', 'paymentRequired': True, 'requestedDeparture': 'Thu, 18 Jun 2020 21:36:09 GMT', 'kWhRequested': 18.0}]",000006952,2_39_91_441_2020-06-18 16:27:09.395597,2-39-91-441,CA-499,0002,0039,2020-06-18 09:27:09-07:00,2020-06-18 15:05:36-07:00,5.94,2020-06-18 11:07:50-07:00,America/Los_Angeles
18,5f011f0cf9af8b1885758ea5,"[{'userID': 559, 'milesRequested': 20, 'WhPerMile': 400, 'minutesAvailable': 60, 'modifiedAt': 'Thu, 18 Jun 2020 16:33:26 GMT', 'paymentRequired': True, 'requestedDeparture': 'Thu, 18 Jun 2020 17:29:44 GMT', 'kWhRequested': 8.0}, {'userID': 559, 'milesRequested': 40, 'WhPerMile': 400, 'minutesAvailable': 118, 'modifiedAt': 'Thu, 18 Jun 2020 16:57:05 GMT', 'paymentRequired': True, 'requestedDeparture': 'Thu, 18 Jun 2020 18:27:44 GMT', 'kWhRequested': 16.0}]",000000559,2_39_138_29_2020-06-18 16:29:44.146455,2-39-138-29,CA-304,0002,0039,2020-06-18 09:29:44-07:00,2020-06-18 11:54:42-07:00,13.974,2020-06-18 11:54:37-07:00,America/Los_Angeles
19,5f011f0cf9af8b1885758ea6,"[{'userID': 743, 'milesRequested': 20, 'WhPerMile': 400, 'minutesAvailable': 187, 'modifiedAt': 'Thu, 18 Jun 2020 23:21:58 GMT', 'paymentRequired': True, 'requestedDeparture': 'Fri, 19 Jun 2020 02:28:36 GMT', 'kWhRequested': 8.0}]",000000743,2_39_89_25_2020-06-18 23:21:35.692705,2-39-89-25,CA-315,0002,0039,2020-06-18 16:21:36-07:00,2020-06-18 17:32:59-07:00,1.112,2020-06-18 16:50:29-07:00,America/Los_Angeles
20,5f02708bf9af8b1a991c4f63,"[{'userID': 1920, 'milesRequested': 20, 'WhPerMile': 600, 'minutesAvailable': 109, 'modifiedAt': 'Fri, 19 Jun 2020 14:46:38 GMT', 'paymentRequired': True, 'requestedDeparture': 'Fri, 19 Jun 2020 16:35:23 GMT', 'kWhRequested': 12.0}]",000001920,2_39_127_19_2020-06-19 14:46:22.542546,2-39-127-19,CA-309,0002,0039,2020-06-19 07:46:23-07:00,2020-06-19 08:45:57-07:00,3.308,2020-06-19 08:45:52-07:00,America/Los_Angeles
21,5f02708bf9af8b1a991c4f64,,,2_39_130_31_2020-06-19 20:52:06.215477,2-39-130-31,CA-306,0002,0039,2020-06-19 13:52:06-07:00,2020-06-19 14:34:36-07:00,0.5779583333333334,2020-06-19 14:35:03-07:00,America/Los_Angeles
22,5f02708bf9af8b1a991c4f65,"[{'userID': 5594, 'milesRequested': 20, 'WhPerMile': 400, 'minutesAvailable': 328, 'modifiedAt': 'Sat, 20 Jun 2020 03:10:51 GMT', 'paymentRequired': True, 'requestedDeparture': 'Sat, 20 Jun 2020 08:38:51 GMT', 'kWhRequested': 8.0}, {'userID': 5594, 'milesRequested': 20, 'WhPerMile': 400, 'minutesAvailable': 328, 'modifiedAt': 'Sat, 20 Jun 2020 03:11:29 GMT', 'paymentRequired': True, 'requestedDeparture': 'Sat, 20 Jun 2020 08:38:51 GMT', 'kWhRequested': 8.0}, {'userID': 5594, 'milesRequested': 20, 'WhPerMile': 400, 'minutesAvailable': 328, 'modifiedAt': 'Sat, 20 Jun 2020 06:11:56 GMT', 'paymentRequired': True, 'requestedDeparture': 'Sat, 20 Jun 2020 08:38:51 GMT', 'kWhRequested': 8.0}, {'userID': 5594, 'milesRequested': 20, 'WhPerMile': 400, 'minutesAvailable': 328, 'modifiedAt': 'Sat, 20 Jun 2020 06:12:14 GMT', 'paymentRequired': True, 'requestedDeparture': 'Sat, 20 Jun 2020 08:38:51 GMT', 'kWhRequested': 8.0}]",000005594,2_39_129_17_2020-06-20 03:10:34.013502,2-39-129-17,CA-307,0002,0039,2020-06-19 20:10:51-07:00,2020-06-19 23:12:22-07:00,6.353,2020-06-19 22:13:28-07:00,America/Los_Angeles
23,5f03c20bf9af8b1ca56e2637,"[{'userID': 358, 'milesRequested': 60, 'WhPerMile': 400, 'minutesAvailable': 281, 'modifiedAt': 'Sat, 20 Jun 2020 21:54:55 GMT', 'paymentRequired': True, 'requestedDeparture': 'Sun, 21 Jun 2020 02:35:22 GMT', 'kWhRequested': 24.0}, {'userID': 358, 'milesRequested': 60, 'WhPerMile': 400, 'minutesAvailable': 281, 'modifiedAt': 'Sat, 20 Jun 2020 21:55:18 GMT', 'paymentRequired': True, 'requestedDeparture': 'Sun, 21 Jun 2020 02:35:22 GMT', 'kWhRequested': 24.0}, {'userID': 358, 'milesRequested': 60, 'WhPerMile': 400, 'minutesAvailable': 294, 'modifiedAt': 'Sat, 20 Jun 2020 22:10:04 GMT', 'paymentRequired': True, 'requestedDeparture': 'Sun, 21 Jun 2020 02:48:22 GMT', 'kWhRequested': 24.0}, {'userID': 358, 'milesRequested': 60, 'WhPerMile': 400, 'minutesAvailable': 296, 'modifiedAt': 'Sat, 20 Jun 2020 22:21:34 GMT', 'paymentRequired': True, 'requestedDeparture': 'Sun, 21 Jun 2020 02:50:22 GMT', 'kWhRequested': 24.0}, {'userID': 358, 'milesRequested': 60, 'WhPerMile': 400, 'minutesAvailable': 308, 'modifiedAt': 'Sat, 20 Jun 2020 22:31:14 GMT', 'paymentRequired': True, 'requestedDeparture': 'Sun, 21 Jun 2020 03:02:22 GMT', 'kWhRequested': 24.0}, {'userID': 358, 'milesRequested': 60, 'WhPerMile': 400, 'minutesAvailable': 326, 'modifiedAt': 'Sat, 20 Jun 2020 22:40:20 GMT', 'paymentRequired': True, 'requestedDeparture': 'Sun, 21 Jun 2020 03:20:22 GMT', 'kWhRequested': 24.0}, {'userID': 358, 'milesRequested': 60, 'WhPerMile': 400, 'minutesAvailable': 336, 'modifiedAt': 'Sat, 20 Jun 2020 22:50:03 GMT', 'paymentRequired': True, 'requestedDeparture': 'Sun, 21 Jun 2020 03:30:22 GMT', 'kWhRequested': 24.0}, {'userID': 358, 'milesRequested': 60, 'WhPerMile': 400, 'minutesAvailable': 339, 'modifiedAt': 'Sat, 20 Jun 2020 22:53:13 GMT', 'paymentRequired': True, 'requestedDeparture': 'Sun, 21 Jun 2020 03:33:22 GMT', 'kWhRequested': 24.0}, {'userID': 358, 'milesRequested': 60, 'WhPerMile': 400, 'minutesAvailable': 339, 'modifiedAt': 'Sat, 20 Jun 2020 22:53:30 GMT', 'paymentRequired': True, 'requestedDeparture': 'Sun, 21 Jun 2020 03:33:22 GMT', 'kWhRequested': 24.0}]",000000358,2_39_131_30_2020-06-20 21:54:21.994356,2-39-131-30,CA-305,0002,0039,2020-06-20 14:54:22-07:00,2020-06-20 16:30:51-07:00,10.62,2020-06-20 16:30:46-07:00,America/Los_Angeles
24,5f03c20bf9af8b1ca56e2638,"[{'userID': 1085, 'milesRequested': 120, 'WhPerMile': 283, 'minutesAvailable': 432, 'modifiedAt': 'Sun, 21 Jun 2020 00:49:12 GMT', 'paymentRequired': True, 'requestedDeparture': 'Sun, 21 Jun 2020 08:00:58 GMT', 'kWhRequested': 33.96}, {'userID': 1085, 'milesRequested': 120, 'WhPerMile': 283, 'minutesAvailable': 432, 'modifiedAt': 'Sun, 21 Jun 2020 00:50:15 GMT', 'paymentRequired': True, 'requestedDeparture': 'Sun, 21 Jun 2020 08:00:58 GMT', 'kWhRequested': 33.96}]",000001085,2_39_138_29_2020-06-21 00:48:58.290178,2-39-138-29,CA-304,0002,0039,2020-06-20 17:48:58-07:00,2020-06-20 21:47:51-07:00,26.947,2020-06-20 21:47:44-07:00,America/Los_Angeles
25,5f05138af9af8b1ea28d9ffc,"[{'userID': 1539, 'milesRequested': 20, 'WhPerMile': 290, 'minutesAvailable': 120, 'modifiedAt': 'Sun, 21 Jun 2020 23:33:26 GMT', 'paymentRequired': True, 'requestedDeparture': 'Mon, 22 Jun 2020 01:31:43 GMT', 'kWhRequested': 5.8}]",000001539,2_39_139_28_2020-06-21 23:31:43.411738,2-39-139-28,CA-303,0002,0039,2020-06-21 16:31:43-07:00,2020-06-21 17:09:02-07:00,1.335,2020-06-21 17:08:57-07:00,America/Los_Angeles
26,5f06650cf9af8b2095888d4a,"[{'userID': 710, 'milesRequested': 70, 'WhPerMile': 400, 'minutesAvailable': 496, 'modifiedAt': 'Mon, 22 Jun 2020 14:13:32 GMT', 'paymentRequired': True, 'requestedDeparture': 'Mon, 22 Jun 2020 22:29:19 GMT', 'kWhRequested': 28.0}]",000000710,2_39_131_30_2020-06-22 14:13:18.549771,2-39-131-30,CA-305,0002,0039,2020-06-22 07:13:19-07:00,2020-06-22 07:47:28-07:00,3.72,2020-06-22 07:47:23-07:00,America/Los_Angeles
27,5f06650cf9af8b2095888d4b,"[{'userID': 1920, 'milesRequested': 20, 'WhPerMile': 600, 'minutesAvailable': 109, 'modifiedAt': 'Mon, 22 Jun 2020 15:35:45 GMT', 'paymentRequired': True, 'requestedDeparture': 'Mon, 22 Jun 2020 17:24:35 GMT', 'kWhRequested': 12.0}]",000001920,2_39_125_21_2020-06-22 15:35:34.946766,2-39-125-21,CA-311,0002,0039,2020-06-22 08:35:35-07:00,2020-06-22 09:35:41-07:00,2.807,2020-06-22 09:31:51-07:00,America/Los_Angeles
28,5f0a598cf9af8b269d62d268,"[{'userID': 6952, 'milesRequested': 100, 'WhPerMile': 340, 'minutesAvailable': 480, 'modifiedAt': 'Thu, 25 Jun 2020 18:13:31 GMT', 'paymentRequired': True, 'requestedDeparture': 'Fri, 26 Jun 2020 02:13:31 GMT', 'kWhRequested': 34.0}]",000006952,2_39_92_436_2020-06-25 18:13:15.910609,2-39-92-436,CA-318,0002,0039,2020-06-25 11:13:31-07:00,2020-06-25 14:12:57-07:00,6.369,2020-06-25 13:01:09-07:00,America/Los_Angeles
29,5f0a598cf9af8b269d62d269,"[{'userID': 1920, 'milesRequested': 20, 'WhPerMile': 600, 'minutesAvailable': 109, 'modifiedAt': 'Thu, 25 Jun 2020 21:09:11 GMT', 'paymentRequired': True, 'requestedDeparture': 'Thu, 25 Jun 2020 22:57:24 GMT', 'kWhRequested': 12.0}]",000001920,2_39_126_20_2020-06-25 21:08:24.102234,2-39-126-20,CA-310,0002,0039,2020-06-25 14:08:24-07:00,2020-06-25 15:00:45-07:00,2.911,2020-06-25 15:00:40-07:00,America/Los_Angeles
30,5f0bab0bf9af8b28db17a305,"[{'userID': 1920, 'milesRequested': 20, 'WhPerMile': 600, 'minutesAvailable': 109, 'modifiedAt': 'Fri, 26 Jun 2020 15:42:37 GMT', 'paymentRequired': True, 'requestedDeparture': 'Fri, 26 Jun 2020 17:31:23 GMT', 'kWhRequested': 12.0}]",000001920,2_39_125_21_2020-06-26 15:42:23.230807,2-39-125-21,CA-311,0002,0039,2020-06-26 08:42:23-07:00,2020-06-26 09:26:06-07:00,2.404,2020-06-26 09:26:01-07:00,America/Los_Angeles
31,5f0bab0bf9af8b28db17a306,"[{'userID': 743, 'milesRequested': 100, 'WhPerMile': 250, 'minutesAvailable': 480, 'modifiedAt': 'Fri, 26 Jun 2020 16:20:23 GMT', 'paymentRequired': True, 'requestedDeparture': 'Sat, 27 Jun 2020 00:18:15 GMT', 'kWhRequested': 25.0}]",000000743,2_39_89_25_2020-06-26 16:18:14.739879,2-39-89-25,CA-315,0002,0039,2020-06-26 09:18:15-07:00,2020-06-26 09:44:11-07:00,1.182,2020-06-26 09:44:07-07:00,America/Los_Angeles
32,5f0bab0bf9af8b28db17a307,"[{'userID': 431, 'milesRequested': 100, 'WhPerMile': 286, 'minutesAvailable': 480, 'modifiedAt': 'Fri, 26 Jun 2020 17:32:25 GMT', 'paymentRequired': True, 'requestedDeparture': 'Sat, 27 Jun 2020 01:29:38 GMT', 'kWhRequested': 28.6}]",000000431,2_39_89_25_2020-06-26 17:29:38.394628,2-39-89-25,CA-315,0002,0039,2020-06-26 10:29:38-07:00,2020-06-26 21:09:19-07:00,13.31,2020-06-26 21:09:12-07:00,America/Los_Angeles
33,5f0e4e0af9af8b2cf1b36e65,"[{'userID': 1297, 'milesRequested': 100, 'WhPerMile': 310, 'minutesAvailable': 480, 'modifiedAt': 'Sat, 27 Jun 2020 23:52:12 GMT', 'paymentRequired': True, 'requestedDeparture': 'Sun, 28 Jun 2020 07:52:13 GMT', 'kWhRequested': 31.0}]",000001297,2_39_129_17_2020-06-27 23:51:55.389105,2-39-129-17,CA-307,0002,0039,2020-06-27 16:52:13-07:00,2020-06-27 17:16:19-07:00,1.39,2020-06-27 17:16:14-07:00,America/Los_Angeles
34,5f0e4e0cf9af8b2cf1b36e66,"[{'userID': 1085, 'milesRequested': 100, 'WhPerMile': 283, 'minutesAvailable': 480, 'modifiedAt': 'Sun, 28 Jun 2020 21:18:14 GMT', 'paymentRequired': True, 'requestedDeparture': 'Mon, 29 Jun 2020 05:18:05 GMT', 'kWhRequested': 28.3}, {'userID': 1085, 'milesRequested': 200, 'WhPerMile': 283, 'minutesAvailable': 480, 'modifiedAt': 'Sun, 28 Jun 2020 21:37:04 GMT', 'paymentRequired': True, 'requestedDeparture': 'Mon, 29 Jun 2020 05:18:05 GMT', 'kWhRequested': 56.6}]",000001085,2_39_139_28_2020-06-28 21:18:04.772110,2-39-139-28,CA-303,0002,0039,2020-06-28 14:18:05-07:00,2020-06-28 22:08:16-07:00,47.437,2020-06-28 21:35:13-07:00,America/Los_Angeles
35,5f0f9f8bf9af8b2f1292e0c8,"[{'userID': 1746, 'milesRequested': 100, 'WhPerMile': 350, 'minutesAvailable': 534, 'modifiedAt': 'Mon, 29 Jun 2020 23:11:53 GMT', 'paymentRequired': True, 'requestedDeparture': 'Tue, 30 Jun 2020 08:03:54 GMT', 'kWhRequested': 35.0}]",000001746,2_39_124_22_2020-06-29 23:09:54.204699,2-39-124-22,CA-312,0002,0039,2020-06-29 16:09:54-07:00,2020-06-29 17:07:06-07:00,3.153,2020-06-29 17:06:58-07:00,America/Los_Angeles
36,5f10f10cf9af8b31234b5ed4,"[{'userID': 6952, 'milesRequested': 100, 'WhPerMile': 340, 'minutesAvailable': 480, 'modifiedAt': 'Tue, 30 Jun 2020 13:40:24 GMT', 'paymentRequired': True, 'requestedDeparture': 'Tue, 30 Jun 2020 21:40:25 GMT', 'kWhRequested': 34.0}]",000006952,2_39_91_437_2020-06-30 13:40:17.475404,2-39-91-437,CA-317,0002,0039,2020-06-30 06:40:25-07:00,2020-06-30 13:44:26-07:00,5.861,2020-06-30 08:19:19-07:00,America/Los_Angeles
37,5f10f10cf9af8b31234b5ed5,"[{'userID': 743, 'milesRequested': 100, 'WhPerMile': 250, 'minutesAvailable': 480, 'modifiedAt': 'Tue, 30 Jun 2020 19:54:54 GMT', 'paymentRequired': True, 'requestedDeparture': 'Wed, 01 Jul 2020 03:54:22 GMT', 'kWhRequested': 25.0}]",000000743,2_39_89_25_2020-06-30 19:54:21.714241,2-39-89-25,CA-315,0002,0039,2020-06-30 12:54:22-07:00,2020-06-30 15:43:29-07:00,3.521,2020-06-30 14:05:49-07:00,America/Los_Angeles
38,5f10f10cf9af8b31234b5ed6,"[{'userID': 751, 'milesRequested': 100, 'WhPerMile': 340, 'minutesAvailable': 480, 'modifiedAt': 'Tue, 30 Jun 2020 20:21:53 GMT', 'paymentRequired': True, 'requestedDeparture': 'Wed, 01 Jul 2020 04:21:14 GMT', 'kWhRequested': 34.0}]",000000751,2_39_79_380_2020-06-30 20:21:13.995218,2-39-79-380,CA-489,0002,0039,2020-06-30 13:21:14-07:00,2020-06-30 16:36:17-07:00,2.729,2020-06-30 14:05:21-07:00,America/Los_Angeles
39,5f10f10cf9af8b31234b5ed7,"[{'userID': 1746, 'milesRequested': 100, 'WhPerMile': 350, 'minutesAvailable': 534, 'modifiedAt': 'Tue, 30 Jun 2020 21:08:45 GMT', 'paymentRequired': True, 'requestedDeparture': 'Wed, 01 Jul 2020 06:02:39 GMT', 'kWhRequested': 35.0}, {'userID': 1746, 'milesRequested': 110, 'WhPerMile': 350, 'minutesAvailable': 534, 'modifiedAt': 'Tue, 30 Jun 2020 21:09:31 GMT', 'paymentRequired': True, 'requestedDeparture': 'Wed, 01 Jul 2020 06:02:39 GMT', 'kWhRequested': 38.5}, {'userID': 1746, 'milesRequested': 60, 'WhPerMile': 350, 'minutesAvailable': 218, 'modifiedAt': 'Tue, 30 Jun 2020 21:10:40 GMT', 'paymentRequired': True, 'requestedDeparture': 'Wed, 01 Jul 2020 00:46:39 GMT', 'kWhRequested': 21.0}]",000001746,2_39_127_19_2020-06-30 21:08:39.125889,2-39-127-19,CA-309,0002,0039,2020-06-30 14:08:39-07:00,2020-06-30 15:05:28-07:00,3.118,2020-06-30 15:05:23-07:00,America/Los_Angeles
40,5f12428ef9af8b334b1b64ec,"[{'userID': 6952, 'milesRequested': 100, 'WhPerMile': 340, 'minutesAvailable': 480, 'modifiedAt': 'Wed, 01 Jul 2020 16:20:24 GMT', 'paymentRequired': True, 'requestedDeparture': 'Thu, 02 Jul 2020 00:20:25 GMT', 'kWhRequested': 34.0}]",000006952,2_39_91_437_2020-07-01 16:20:18.201841,2-39-91-437,CA-317,0002,0039,2020-07-01 09:20:25-07:00,2020-07-01 16:25:57-07:00,6.141,2020-07-01 11:10:09-07:00,America/Los_Angeles
41,5f12428ef9af8b334b1b64ed,"[{'userID': 751, 'milesRequested': 100, 'WhPerMile': 340, 'minutesAvailable': 480, 'modifiedAt': 'Wed, 01 Jul 2020 20:27:44 GMT', 'paymentRequired': True, 'requestedDeparture': 'Thu, 02 Jul 2020 04:27:27 GMT', 'kWhRequested': 34.0}]",000000751,2_39_79_380_2020-07-01 20:27:27.396061,2-39-79-380,CA-489,0002,0039,2020-07-01 13:27:27-07:00,2020-07-01 14:56:19-07:00,3.152,2020-07-01 14:18:20-07:00,America/Los_Angeles
42,5f13940cf9af8b354425516c,"[{'userID': 67, 'milesRequested': 240, 'WhPerMile': 283, 'minutesAvailable': 720, 'modifiedAt': 'Thu, 02 Jul 2020 09:20:30 GMT', 'paymentRequired': True, 'requestedDeparture': 'Thu, 02 Jul 2020 21:20:29 GMT', 'kWhRequested': 67.92}, {'userID': 67, 'milesRequested': 240, 'WhPerMile': 283, 'minutesAvailable': 720, 'modifiedAt': 'Thu, 02 Jul 2020 22:22:12 GMT', 'paymentRequired': True, 'requestedDeparture': 'Thu, 02 Jul 2020 21:20:29 GMT', 'kWhRequested': 67.92}]",000000067,2_39_131_30_2020-07-02 09:20:28.845315,2-39-131-30,CA-305,0002,0039,2020-07-02 02:20:29-07:00,2020-07-02 15:24:37-07:00,48.577,2020-07-02 09:40:23-07:00,America/Los_Angeles
43,5f13940cf9af8b354425516d,"[{'userID': 6952, 'milesRequested': 100, 'WhPerMile': 340, 'minutesAvailable': 480, 'modifiedAt': 'Thu, 02 Jul 2020 14:59:06 GMT', 'paymentRequired': True, 'requestedDeparture': 'Thu, 02 Jul 2020 22:59:06 GMT', 'kWhRequested': 34.0}]",000006952,2_39_91_437_2020-07-02 14:59:00.044151,2-39-91-437,CA-317,0002,0039,2020-07-02 07:59:06-07:00,2020-07-02 14:13:24-07:00,6.129,2020-07-02 09:44:07-07:00,America/Los_Angeles
44,5f13940cf9af8b354425516e,"[{'userID': 1746, 'milesRequested': 100, 'WhPerMile': 350, 'minutesAvailable': 534, 'modifiedAt': 'Thu, 02 Jul 2020 17:24:19 GMT', 'paymentRequired': True, 'requestedDeparture': 'Fri, 03 Jul 2020 02:18:19 GMT', 'kWhRequested': 35.0}]",000001746,2_39_125_21_2020-07-02 17:24:06.584575,2-39-125-21,CA-311,0002,0039,2020-07-02 10:24:19-07:00,2020-07-02 11:42:05-07:00,4.299,2020-07-02 11:42:00-07:00,America/Los_Angeles
45,5f13940cf9af8b354425516f,,,2_39_78_361_2020-07-02 18:51:38.069997,2-39-78-361,CA-493,0002,0039,2020-07-02 11:51:38-07:00,2020-07-02 12:47:29-07:00,0.869,2020-07-02 12:22:12-07:00,America/Los_Angeles
46,5f14e58bf9af8b37796edc8f,"[{'userID': 1746, 'milesRequested': 100, 'WhPerMile': 350, 'minutesAvailable': 534, 'modifiedAt': 'Fri, 03 Jul 2020 15:37:22 GMT', 'paymentRequired': True, 'requestedDeparture': 'Sat, 04 Jul 2020 00:30:52 GMT', 'kWhRequested': 35.0}]",000001746,2_39_125_21_2020-07-03 15:36:52.370048,2-39-125-21,CA-311,0002,0039,2020-07-03 08:36:52-07:00,2020-07-03 09:33:22-07:00,2.888,2020-07-03 09:33:17-07:00,America/Los_Angeles
47,5f16370bf9af8b39a6773efa,,,2_39_139_28_2020-07-05 03:45:55.363632,2-39-139-28,CA-303,0002,0039,2020-07-04 20:45:55-07:00,2020-07-04 21:12:51-07:00,0.751,2020-07-04 21:12:46-07:00,America/Los_Angeles
48,5f17888df9af8b3bb9e3eb22,"[{'userID': 1142, 'milesRequested': 30, 'WhPerMile': 400, 'minutesAvailable': 160, 'modifiedAt': 'Sun, 05 Jul 2020 20:02:45 GMT', 'paymentRequired': True, 'requestedDeparture': 'Sun, 05 Jul 2020 22:41:09 GMT', 'kWhRequested': 12.0}, {'userID': 1142, 'milesRequested': 30, 'WhPerMile': 400, 'minutesAvailable': 124, 'modifiedAt': 'Sun, 05 Jul 2020 20:02:55 GMT', 'paymentRequired': True, 'requestedDeparture': 'Sun, 05 Jul 2020 22:05:09 GMT', 'kWhRequested': 12.0}]",000001142,2_39_79_380_2020-07-05 20:01:08.855899,2-39-79-380,CA-489,0002,0039,2020-07-05 13:01:09-07:00,2020-07-05 14:57:16-07:00,12.013,2020-07-05 14:51:09-07:00,America/Los_Angeles
49,5f17888df9af8b3bb9e3eb23,"[{'userID': 489, 'milesRequested': 210, 'WhPerMile': 283, 'minutesAvailable': 605, 'modifiedAt': 'Mon, 06 Jul 2020 02:28:46 GMT', 'paymentRequired': True, 'requestedDeparture': 'Mon, 06 Jul 2020 12:32:47 GMT', 'kWhRequested': 59.43}, {'userID': 489, 'milesRequested': 210, 'WhPerMile': 283, 'minutesAvailable': 605, 'modifiedAt': 'Tue, 07 Jul 2020 00:02:09 GMT', 'paymentRequired': True, 'requestedDeparture': 'Mon, 06 Jul 2020 12:32:47 GMT', 'kWhRequested': 59.43}]",000000489,2_39_131_30_2020-07-06 02:27:46.774546,2-39-131-30,CA-305,0002,0039,2020-07-05 19:27:47-07:00,2020-07-06 17:07:19-07:00,52.55333111111111,2020-07-06 03:49:05-07:00,America/Los_Angeles
50,5f18da0bf9af8b3dd24eabb8,"[{'userID': 1746, 'milesRequested': 100, 'WhPerMile': 350, 'minutesAvailable': 534, 'modifiedAt': 'Mon, 06 Jul 2020 15:48:11 GMT', 'paymentRequired': True, 'requestedDeparture': 'Tue, 07 Jul 2020 00:42:12 GMT', 'kWhRequested': 35.0}]",000001746,2_39_125_21_2020-07-06 15:48:11.137006,2-39-125-21,CA-311,0002,0039,2020-07-06 08:48:12-07:00,2020-07-06 17:07:19-07:00,0.9198261111111111,2020-07-06 09:07:45-07:00,America/Los_Angeles
51,5f18da0bf9af8b3dd24eabb9,"[{'userID': 1082, 'milesRequested': 20, 'WhPerMile': 400, 'minutesAvailable': 64, 'modifiedAt': 'Tue, 07 Jul 2020 00:07:09 GMT', 'paymentRequired': True, 'requestedDeparture': 'Tue, 07 Jul 2020 01:11:09 GMT', 'kWhRequested': 8.0}]",000001082,2_39_79_382_2020-07-06 21:43:40.828102,2-39-79-382,CA-491,0002,0039,2020-07-06 17:07:09-07:00,2020-07-06 17:24:26-07:00,2.052,2020-07-06 17:20:05-07:00,America/Los_Angeles
52,5f18da0bf9af8b3dd24eabba,,,2_39_138_29_2020-07-07 00:07:19.519772,2-39-138-29,CA-304,0002,0039,2020-07-06 17:07:20-07:00,2020-07-06 22:38:50-07:00,0.5275447222222222,2020-07-06 17:38:02-07:00,America/Los_Angeles
53,5f1a2b8bf9af8b3fee6daaaa,"[{'userID': 6952, 'milesRequested': 100, 'WhPerMile': 340, 'minutesAvailable': 480, 'modifiedAt': 'Tue, 07 Jul 2020 17:00:13 GMT', 'paymentRequired': True, 'requestedDeparture': 'Wed, 08 Jul 2020 01:00:14 GMT', 'kWhRequested': 34.0}]",000006952,2_39_91_441_2020-07-07 17:00:03.965778,2-39-91-441,CA-499,0002,0039,2020-07-07 10:00:14-07:00,2020-07-07 14:41:44-07:00,5.842,2020-07-07 11:39:51-07:00,America/Los_Angeles
54,5f1a2b8bf9af8b3fee6daaab,"[{'userID': 1746, 'milesRequested': 100, 'WhPerMile': 350, 'minutesAvailable': 534, 'modifiedAt': 'Tue, 07 Jul 2020 20:52:46 GMT', 'paymentRequired': True, 'requestedDeparture': 'Wed, 08 Jul 2020 05:45:42 GMT', 'kWhRequested': 35.0}, {'userID': 1746, 'milesRequested': 100, 'WhPerMile': 350, 'minutesAvailable': 798, 'modifiedAt': 'Tue, 07 Jul 2020 21:01:00 GMT', 'paymentRequired': True, 'requestedDeparture': 'Wed, 08 Jul 2020 10:09:42 GMT', 'kWhRequested': 35.0}, {'userID': 1746, 'milesRequested': 20, 'WhPerMile': 350, 'minutesAvailable': 63, 'modifiedAt': 'Tue, 07 Jul 2020 21:05:31 GMT', 'paymentRequired': True, 'requestedDeparture': 'Tue, 07 Jul 2020 21:54:42 GMT', 'kWhRequested': 7.0}]",000001746,2_39_125_21_2020-07-07 20:51:41.504102,2-39-125-21,CA-311,0002,0039,2020-07-07 13:51:42-07:00,2020-07-07 15:07:49-07:00,2.175,2020-07-07 14:36:17-07:00,America/Los_Angeles
55,5f1a2b8bf9af8b3fee6daaac,,,2_39_130_31_2020-07-08 00:49:13.138087,2-39-130-31,CA-306,0002,0039,2020-07-07 17:49:13-07:00,2020-07-07 18:12:44-07:00,0.658,2020-07-07 18:12:35-07:00,America/Los_Angeles
56,5f1b7d0bf9af8b42093cf616,"[{'userID': 6952, 'milesRequested': 40, 'WhPerMile': 340, 'minutesAvailable': 329, 'modifiedAt': 'Wed, 08 Jul 2020 15:44:46 GMT', 'paymentRequired': True, 'requestedDeparture': 'Wed, 08 Jul 2020 21:13:47 GMT', 'kWhRequested': 13.6}]",000006952,2_39_91_441_2020-07-08 15:44:40.009133,2-39-91-441,CA-499,0002,0039,2020-07-08 08:44:47-07:00,2020-07-08 14:07:13-07:00,6.582,2020-07-08 10:27:21-07:00,America/Los_Angeles
57,5f1cce8cf9af8b43ff3ad65b,"[{'userID': 6952, 'milesRequested': 40, 'WhPerMile': 340, 'minutesAvailable': 329, 'modifiedAt': 'Thu, 09 Jul 2020 15:46:14 GMT', 'paymentRequired': True, 'requestedDeparture': 'Thu, 09 Jul 2020 21:15:14 GMT', 'kWhRequested': 13.6}]",000006952,2_39_91_437_2020-07-09 15:46:06.653396,2-39-91-437,CA-317,0002,0039,2020-07-09 08:46:14-07:00,2020-07-09 14:23:48-07:00,6.543,,America/Los_Angeles
58,5f1cce8cf9af8b43ff3ad65c,"[{'userID': 3424, 'milesRequested': 150, 'WhPerMile': 280, 'minutesAvailable': 480, 'modifiedAt': 'Thu, 09 Jul 2020 20:08:41 GMT', 'paymentRequired': True, 'requestedDeparture': 'Fri, 10 Jul 2020 04:08:23 GMT', 'kWhRequested': 42.0}]",000003424,2_39_79_377_2020-07-09 20:08:23.012389,2-39-79-377,CA-325,0002,0039,2020-07-09 13:08:23-07:00,2020-07-09 17:34:18-07:00,24.205,,America/Los_Angeles
59,5f1cce8cf9af8b43ff3ad65d,"[{'userID': 3267, 'milesRequested': 110, 'WhPerMile': 310, 'minutesAvailable': 660, 'modifiedAt': 'Fri, 10 Jul 2020 02:03:51 GMT', 'paymentRequired': True, 'requestedDeparture': 'Fri, 10 Jul 2020 12:59:26 GMT', 'kWhRequested': 34.1}, {'userID': 3267, 'milesRequested': 110, 'WhPerMile': 310, 'minutesAvailable': 660, 'modifiedAt': 'Fri, 10 Jul 2020 15:31:06 GMT', 'paymentRequired': True, 'requestedDeparture': 'Fri, 10 Jul 2020 12:59:26 GMT', 'kWhRequested': 34.1}]",000003267,2_39_79_377_2020-07-10 01:59:26.063720,2-39-79-377,CA-325,0002,0039,2020-07-09 18:59:26-07:00,2020-07-10 08:31:35-07:00,19.303,,America/Los_Angeles
60,5f1e200af9af8b4657722fd8,"[{'userID': 1746, 'milesRequested': 100, 'WhPerMile': 350, 'minutesAvailable': 534, 'modifiedAt': 'Fri, 10 Jul 2020 15:36:34 GMT', 'paymentRequired': True, 'requestedDeparture': 'Sat, 11 Jul 2020 00:30:27 GMT', 'kWhRequested': 35.0}]",000001746,2_39_125_21_2020-07-10 15:36:27.320102,2-39-125-21,CA-311,0002,0039,2020-07-10 08:36:27-07:00,2020-07-10 09:24:08-07:00,1.535,,America/Los_Angeles
61,5f1f718bf9af8b4886ae9ca0,"[{'userID': 3267, 'milesRequested': 110, 'WhPerMile': 310, 'minutesAvailable': 660, 'modifiedAt': 'Sat, 11 Jul 2020 18:50:26 GMT', 'paymentRequired': True, 'requestedDeparture': 'Sun, 12 Jul 2020 05:49:19 GMT', 'kWhRequested': 34.1}, {'userID': 3267, 'milesRequested': 110, 'WhPerMile': 310, 'minutesAvailable': 660, 'modifiedAt': 'Mon, 13 Jul 2020 03:58:42 GMT', 'paymentRequired': True, 'requestedDeparture': 'Sun, 12 Jul 2020 05:49:19 GMT', 'kWhRequested': 34.1}]",000003267,2_39_79_378_2020-07-11 18:49:18.748420,2-39-79-378,CA-326,0002,0039,2020-07-11 11:49:19-07:00,2020-07-12 20:58:50-07:00,14.886,,America/Los_Angeles
62,5f20c30af9af8b4b01797e8d,"[{'userID': 7339, 'milesRequested': 70, 'WhPerMile': 310, 'minutesAvailable': 201, 'modifiedAt': 'Sun, 12 Jul 2020 23:38:35 GMT', 'paymentRequired': True, 'requestedDeparture': 'Mon, 13 Jul 2020 02:59:35 GMT', 'kWhRequested': 21.7}]",000007339,2_39_127_19_2020-07-12 23:38:26.638723,2-39-127-19,CA-309,0002,0039,2020-07-12 16:38:35-07:00,2020-07-12 17:59:30-07:00,8.711,,America/Los_Angeles
63,5f22148cf9af8b4d7198d2dc,"[{'userID': 1316, 'milesRequested': 100, 'WhPerMile': 283, 'minutesAvailable': 480, 'modifiedAt': 'Mon, 13 Jul 2020 15:27:45 GMT', 'paymentRequired': True, 'requestedDeparture': 'Mon, 13 Jul 2020 23:25:08 GMT', 'kWhRequested': 28.3}]",000001316,2_39_131_30_2020-07-13 15:25:07.741343,2-39-131-30,CA-305,0002,0039,2020-07-13 08:25:08-07:00,2020-07-13 08:34:23-07:00,0.632,,America/Los_Angeles
64,5f22148cf9af8b4d7198d2dd,"[{'userID': 3853, 'milesRequested': 200, 'WhPerMile': 310, 'minutesAvailable': 605, 'modifiedAt': 'Mon, 13 Jul 2020 15:26:35 GMT', 'paymentRequired': True, 'requestedDeparture': 'Tue, 14 Jul 2020 01:30:08 GMT', 'kWhRequested': 62.0}]",000003853,2_39_79_380_2020-07-13 15:25:08.131933,2-39-79-380,CA-489,0002,0039,2020-07-13 08:25:08-07:00,2020-07-13 12:16:37-07:00,11.116954444444444,2020-07-13 12:13:35-07:00,America/Los_Angeles
65,5f22148cf9af8b4d7198d2de,"[{'userID': 6952, 'milesRequested': 40, 'WhPerMile': 340, 'minutesAvailable': 329, 'modifiedAt': 'Mon, 13 Jul 2020 17:31:23 GMT', 'paymentRequired': True, 'requestedDeparture': 'Mon, 13 Jul 2020 23:00:23 GMT', 'kWhRequested': 13.6}]",000006952,2_39_91_441_2020-07-13 16:38:34.243130,2-39-91-441,CA-499,0002,0039,2020-07-13 10:31:23-07:00,2020-07-13 14:13:34-07:00,7.229,2020-07-13 12:05:44-07:00,America/Los_Angeles
66,5f22148cf9af8b4d7198d2df,"[{'userID': 2743, 'milesRequested': 250, 'WhPerMile': 283, 'minutesAvailable': 750, 'modifiedAt': 'Mon, 13 Jul 2020 19:53:23 GMT', 'paymentRequired': True, 'requestedDeparture': 'Tue, 14 Jul 2020 08:23:23 GMT', 'kWhRequested': 70.75}]",000002743,2_39_79_381_2020-07-13 19:53:11.632128,2-39-79-381,CA-490,0002,0039,2020-07-13 12:53:23-07:00,2020-07-13 19:26:24-07:00,21.307,2020-07-13 19:26:19-07:00,America/Los_Angeles
67,5f23660af9af8b4f7cbb422c,"[{'userID': 743, 'milesRequested': 100, 'WhPerMile': 250, 'minutesAvailable': 480, 'modifiedAt': 'Tue, 14 Jul 2020 20:41:06 GMT', 'paymentRequired': True, 'requestedDeparture': 'Wed, 15 Jul 2020 04:40:43 GMT', 'kWhRequested': 25.0}]",000000743,2_39_89_25_2020-07-14 20:40:43.369565,2-39-89-25,CA-315,0002,0039,2020-07-14 13:40:43-07:00,2020-07-14 16:41:36-07:00,4.49,2020-07-14 15:10:25-07:00,America/Los_Angeles
68,5f24b78bf9af8b51841f0929,"[{'userID': 6952, 'milesRequested': 40, 'WhPerMile': 340, 'minutesAvailable': 329, 'modifiedAt': 'Wed, 15 Jul 2020 15:35:15 GMT', 'paymentRequired': True, 'requestedDeparture': 'Wed, 15 Jul 2020 21:04:16 GMT', 'kWhRequested': 13.6}]",000006952,2_39_91_437_2020-07-15 15:35:10.209484,2-39-91-437,CA-317,0002,0039,2020-07-15 08:35:16-07:00,2020-07-15 14:36:25-07:00,6.216,2020-07-15 10:23:13-07:00,America/Los_Angeles
69,5f24b78bf9af8b51841f092a,"[{'userID': 1746, 'milesRequested': 100, 'WhPerMile': 350, 'minutesAvailable': 534, 'modifiedAt': 'Wed, 15 Jul 2020 20:37:41 GMT', 'paymentRequired': True, 'requestedDeparture': 'Thu, 16 Jul 2020 05:31:19 GMT', 'kWhRequested': 35.0}]",000001746,2_39_125_21_2020-07-15 20:37:19.125791,2-39-125-21,CA-311,0002,0039,2020-07-15 13:37:19-07:00,2020-07-15 14:31:37-07:00,2.746,2020-07-15 14:31:32-07:00,America/Los_Angeles
70,5f24b78bf9af8b51841f092b,"[{'userID': 3389, 'milesRequested': 40, 'WhPerMile': 250, 'minutesAvailable': 120, 'modifiedAt': 'Wed, 15 Jul 2020 20:54:39 GMT', 'paymentRequired': True, 'requestedDeparture': 'Wed, 15 Jul 2020 22:53:05 GMT', 'kWhRequested': 10.0}]",000003389,2_39_79_380_2020-07-15 20:53:05.499813,2-39-79-380,CA-489,0002,0039,2020-07-15 13:53:05-07:00,2020-07-15 14:33:21-07:00,2.163,2020-07-15 14:33:16-07:00,America/Los_Angeles
71,5f26090bf9af8b5396fb3022,"[{'userID': 3853, 'milesRequested': 200, 'WhPerMile': 310, 'minutesAvailable': 605, 'modifiedAt': 'Thu, 16 Jul 2020 15:25:51 GMT', 'paymentRequired': True, 'requestedDeparture': 'Fri, 17 Jul 2020 01:30:34 GMT', 'kWhRequested': 62.0}, {'userID': 3853, 'milesRequested': 130, 'WhPerMile': 310, 'minutesAvailable': 291, 'modifiedAt': 'Thu, 16 Jul 2020 15:26:41 GMT', 'paymentRequired': True, 'requestedDeparture': 'Thu, 16 Jul 2020 20:16:34 GMT', 'kWhRequested': 40.3}, {'userID': 3853, 'milesRequested': 130, 'WhPerMile': 310, 'minutesAvailable': 291, 'modifiedAt': 'Thu, 16 Jul 2020 15:26:43 GMT', 'paymentRequired': True, 'requestedDeparture': 'Thu, 16 Jul 2020 20:16:34 GMT', 'kWhRequested': 40.3}, {'userID': 3853, 'milesRequested': 130, 'WhPerMile': 310, 'minutesAvailable': 291, 'modifiedAt': 'Thu, 16 Jul 2020 15:26:44 GMT', 'paymentRequired': True, 'requestedDeparture': 'Thu, 16 Jul 2020 20:16:34 GMT', 'kWhRequested': 40.3}, {'userID': 3853, 'milesRequested': 130, 'WhPerMile': 310, 'minutesAvailable': 291, 'modifiedAt': 'Thu, 16 Jul 2020 15:26:44 GMT', 'paymentRequired': True, 'requestedDeparture': 'Thu, 16 Jul 2020 20:16:34 GMT', 'kWhRequested': 40.3}]",000003853,2_39_79_379_2020-07-16 15:25:34.233090,2-39-79-379,CA-327,0002,0039,2020-07-16 08:25:34-07:00,2020-07-16 12:01:31-07:00,23.703,2020-07-16 12:01:26-07:00,America/Los_Angeles
72,5f26090bf9af8b5396fb3023,"[{'userID': 6952, 'milesRequested': 40, 'WhPerMile': 340, 'minutesAvailable': 329, 'modifiedAt': 'Thu, 16 Jul 2020 15:30:51 GMT', 'paymentRequired': True, 'requestedDeparture': 'Thu, 16 Jul 2020 20:59:52 GMT', 'kWhRequested': 13.6}]",000006952,2_39_91_437_2020-07-16 15:30:42.711686,2-39-91-437,CA-317,0002,0039,2020-07-16 08:30:52-07:00,2020-07-16 13:52:14-07:00,6.026,2020-07-16 10:14:18-07:00,America/Los_Angeles
73,5f275a8bf9af8b55be3ef21c,,,2_39_79_379_2020-07-17 15:07:41.257623,2-39-79-379,CA-327,0002,0039,2020-07-17 08:07:41-07:00,2020-07-17 11:46:57-07:00,0.85,2020-07-17 08:38:09-07:00,America/Los_Angeles
74,5f275a8bf9af8b55be3ef21d,"[{'userID': 1746, 'milesRequested': 100, 'WhPerMile': 350, 'minutesAvailable': 534, 'modifiedAt': 'Fri, 17 Jul 2020 15:45:14 GMT', 'paymentRequired': True, 'requestedDeparture': 'Sat, 18 Jul 2020 00:39:10 GMT', 'kWhRequested': 35.0}]",000001746,2_39_125_21_2020-07-17 15:45:10.051935,2-39-125-21,CA-311,0002,0039,2020-07-17 08:45:10-07:00,2020-07-17 09:39:57-07:00,1.788,2020-07-17 09:23:15-07:00,America/Los_Angeles
75,5f275a8bf9af8b55be3ef21e,"[{'userID': 5594, 'milesRequested': 100, 'WhPerMile': 250, 'minutesAvailable': 480, 'modifiedAt': 'Fri, 17 Jul 2020 22:46:00 GMT', 'paymentRequired': True, 'requestedDeparture': 'Sat, 18 Jul 2020 06:46:01 GMT', 'kWhRequested': 25.0}]",000005594,2_39_130_31_2020-07-17 22:45:34.418611,2-39-130-31,CA-306,0002,0039,2020-07-17 15:46:01-07:00,2020-07-17 20:53:27-07:00,6.298,2020-07-17 17:49:12-07:00,America/Los_Angeles
76,5f275a8bf9af8b55be3ef21f,"[{'userID': 1222, 'milesRequested': 20, 'WhPerMile': 250, 'minutesAvailable': 85, 'modifiedAt': 'Fri, 17 Jul 2020 22:52:32 GMT', 'paymentRequired': True, 'requestedDeparture': 'Sat, 18 Jul 2020 00:15:41 GMT', 'kWhRequested': 5.0}]",000001222,2_39_95_27_2020-07-17 22:50:41.327222,2-39-95-27,CA-319,0002,0039,2020-07-17 15:50:41-07:00,2020-07-17 17:02:52-07:00,4.034,2020-07-17 17:02:47-07:00,America/Los_Angeles
77,5f275a8bf9af8b55be3ef220,"[{'userID': 5368, 'milesRequested': 20, 'WhPerMile': 470, 'minutesAvailable': 60, 'modifiedAt': 'Fri, 17 Jul 2020 23:41:09 GMT', 'paymentRequired': True, 'requestedDeparture': 'Sat, 18 Jul 2020 00:41:10 GMT', 'kWhRequested': 9.4}]",000005368,2_39_79_379_2020-07-17 23:40:53.036065,2-39-79-379,CA-327,0002,0039,2020-07-17 16:41:10-07:00,2020-07-17 16:55:01-07:00,0.812,2020-07-17 16:54:56-07:00,America/Los_Angeles
78,5f28ac0bf9af8b58442d0370,"[{'userID': 3267, 'milesRequested': 110, 'WhPerMile': 310, 'minutesAvailable': 660, 'modifiedAt': 'Sun, 19 Jul 2020 06:16:58 GMT', 'paymentRequired': True, 'requestedDeparture': 'Sun, 19 Jul 2020 17:16:27 GMT', 'kWhRequested': 34.1}, {'userID': 3267, 'milesRequested': 110, 'WhPerMile': 310, 'minutesAvailable': 660, 'modifiedAt': 'Sun, 19 Jul 2020 16:34:14 GMT', 'paymentRequired': True, 'requestedDeparture': 'Sun, 19 Jul 2020 17:16:27 GMT', 'kWhRequested': 34.1}]",000003267,2_39_79_377_2020-07-19 06:16:27.331010,2-39-79-377,CA-325,0002,0039,2020-07-18 23:16:27-07:00,2020-07-19 09:34:41-07:00,11.516,2020-07-19 01:13:01-07:00,America/Los_Angeles
79,5f29fd8cf9af8b5a3f4e6473,"[{'userID': 1085, 'milesRequested': 120, 'WhPerMile': 283, 'minutesAvailable': 432, 'modifiedAt': 'Sun, 19 Jul 2020 17:08:28 GMT', 'paymentRequired': True, 'requestedDeparture': 'Mon, 20 Jul 2020 00:20:24 GMT', 'kWhRequested': 33.96}, {'userID': 1085, 'milesRequested': 200, 'WhPerMile': 283, 'minutesAvailable': 432, 'modifiedAt': 'Sun, 19 Jul 2020 17:08:39 GMT', 'paymentRequired': True, 'requestedDeparture': 'Mon, 20 Jul 2020 00:20:24 GMT', 'kWhRequested': 56.6}]",000001085,2_39_131_30_2020-07-19 17:08:24.220946,2-39-131-30,CA-305,0002,0039,2020-07-19 10:08:24-07:00,2020-07-19 19:22:48-07:00,45.839,2020-07-19 17:17:48-07:00,America/Los_Angeles
80,5f29fd8cf9af8b5a3f4e6474,"[{'userID': 1395, 'milesRequested': 30, 'WhPerMile': 250, 'minutesAvailable': 488, 'modifiedAt': 'Sun, 19 Jul 2020 17:10:06 GMT', 'paymentRequired': True, 'requestedDeparture': 'Mon, 20 Jul 2020 01:18:06 GMT', 'kWhRequested': 7.5}]",000001395,2_39_138_29_2020-07-19 17:09:48.236780,2-39-138-29,CA-304,0002,0039,2020-07-19 10:10:06-07:00,2020-07-19 19:22:35-07:00,6.485,2020-07-19 12:17:22-07:00,America/Los_Angeles
81,5f29fd8cf9af8b5a3f4e6475,,,2_39_139_28_2020-07-20 05:57:38.044808,2-39-139-28,CA-303,0002,0039,2020-07-19 22:57:38-07:00,2020-07-19 23:22:40-07:00,0.728,,America/Los_Angeles
82,5f2b4f0bf9af8b5c40a948af,"[{'userID': 1746, 'milesRequested': 100, 'WhPerMile': 350, 'minutesAvailable': 534, 'modifiedAt': 'Mon, 20 Jul 2020 15:50:58 GMT', 'paymentRequired': True, 'requestedDeparture': 'Tue, 21 Jul 2020 00:44:50 GMT', 'kWhRequested': 35.0}]",000001746,2_39_125_21_2020-07-20 15:50:50.289203,2-39-125-21,CA-311,0002,0039,2020-07-20 08:50:50-07:00,2020-07-20 09:37:24-07:00,2.538,,America/Los_Angeles
83,5f2b4f0bf9af8b5c40a948b0,"[{'userID': 2149, 'milesRequested': 100, 'WhPerMile': 253, 'minutesAvailable': 480, 'modifiedAt': 'Mon, 20 Jul 2020 17:11:10 GMT', 'paymentRequired': True, 'requestedDeparture': 'Tue, 21 Jul 2020 01:11:10 GMT', 'kWhRequested': 25.3}, {'userID': 2149, 'milesRequested': 120, 'WhPerMile': 253, 'minutesAvailable': 360, 'modifiedAt': 'Mon, 20 Jul 2020 17:11:13 GMT', 'paymentRequired': True, 'requestedDeparture': 'Mon, 20 Jul 2020 23:11:10 GMT', 'kWhRequested': 30.36}]",000002149,2_39_79_382_2020-07-20 17:10:50.329180,2-39-79-382,CA-491,0002,0039,2020-07-20 10:11:10-07:00,2020-07-20 17:22:27-07:00,7.807,,America/Los_Angeles
84,5f2b4f0bf9af8b5c40a948b1,"[{'userID': 489, 'milesRequested': 220, 'WhPerMile': 283, 'minutesAvailable': 634, 'modifiedAt': 'Mon, 20 Jul 2020 18:49:08 GMT', 'paymentRequired': True, 'requestedDeparture': 'Tue, 21 Jul 2020 05:22:23 GMT', 'kWhRequested': 62.26}]",000000489,2_39_131_30_2020-07-20 18:48:22.741081,2-39-131-30,CA-305,0002,0039,2020-07-20 11:48:23-07:00,2020-07-20 20:21:35-07:00,48.455,,America/Los_Angeles
85,5f2ca08bf9af8b5e61be2676,"[{'userID': 6952, 'milesRequested': 40, 'WhPerMile': 340, 'minutesAvailable': 329, 'modifiedAt': 'Tue, 21 Jul 2020 14:42:32 GMT', 'paymentRequired': True, 'requestedDeparture': 'Tue, 21 Jul 2020 20:11:32 GMT', 'kWhRequested': 13.6}]",000006952,2_39_91_437_2020-07-21 14:42:24.800221,2-39-91-437,CA-317,0002,0039,2020-07-21 07:42:32-07:00,2020-07-21 14:01:30-07:00,5.945,,America/Los_Angeles
86,5f2df20bf9af8b604c17dbf7,"[{'userID': 1746, 'milesRequested': 100, 'WhPerMile': 350, 'minutesAvailable': 534, 'modifiedAt': 'Wed, 22 Jul 2020 21:49:41 GMT', 'paymentRequired': True, 'requestedDeparture': 'Thu, 23 Jul 2020 06:43:31 GMT', 'kWhRequested': 35.0}]",000001746,2_39_125_21_2020-07-22 21:49:31.167667,2-39-125-21,CA-311,0002,0039,2020-07-22 14:49:31-07:00,2020-07-22 15:44:06-07:00,2.973,,America/Los_Angeles
87,5f30950bf9af8b64b9e72c96,"[{'userID': 6952, 'milesRequested': 40, 'WhPerMile': 340, 'minutesAvailable': 329, 'modifiedAt': 'Fri, 24 Jul 2020 15:34:06 GMT', 'paymentRequired': True, 'requestedDeparture': 'Fri, 24 Jul 2020 21:03:06 GMT', 'kWhRequested': 13.6}]",000006952,2_39_91_437_2020-07-24 15:34:00.177372,2-39-91-437,CA-317,0002,0039,2020-07-24 08:34:06-07:00,2020-07-24 14:05:42-07:00,5.964,,America/Los_Angeles
88,5f30950bf9af8b64b9e72c97,"[{'userID': 1746, 'milesRequested': 100, 'WhPerMile': 350, 'minutesAvailable': 534, 'modifiedAt': 'Fri, 24 Jul 2020 15:51:18 GMT', 'paymentRequired': True, 'requestedDeparture': 'Sat, 25 Jul 2020 00:45:08 GMT', 'kWhRequested': 35.0}]",000001746,2_39_125_21_2020-07-24 15:51:07.505585,2-39-125-21,CA-311,0002,0039,2020-07-24 08:51:08-07:00,2020-07-24 09:47:24-07:00,3.075,,America/Los_Angeles
89,5f30950bf9af8b64b9e72c98,"[{'userID': 7339, 'milesRequested': 70, 'WhPerMile': 310, 'minutesAvailable': 201, 'modifiedAt': 'Fri, 24 Jul 2020 16:40:12 GMT', 'paymentRequired': True, 'requestedDeparture': 'Fri, 24 Jul 2020 20:00:55 GMT', 'kWhRequested': 21.7}]",000007339,2_39_131_30_2020-07-24 16:39:55.378050,2-39-131-30,CA-305,0002,0039,2020-07-24 09:39:55-07:00,2020-07-24 10:37:55-07:00,6.115,,America/Los_Angeles
90,5f30950bf9af8b64b9e72c99,"[{'userID': 2213, 'milesRequested': 100, 'WhPerMile': 290, 'minutesAvailable': 288, 'modifiedAt': 'Sat, 25 Jul 2020 00:06:36 GMT', 'paymentRequired': True, 'requestedDeparture': 'Sat, 25 Jul 2020 04:54:27 GMT', 'kWhRequested': 29.0}, {'userID': 2213, 'milesRequested': 20, 'WhPerMile': 290, 'minutesAvailable': 46, 'modifiedAt': 'Sat, 25 Jul 2020 00:11:50 GMT', 'paymentRequired': True, 'requestedDeparture': 'Sat, 25 Jul 2020 00:52:27 GMT', 'kWhRequested': 5.8}, {'userID': 2213, 'milesRequested': 20, 'WhPerMile': 290, 'minutesAvailable': 47, 'modifiedAt': 'Sat, 25 Jul 2020 00:13:13 GMT', 'paymentRequired': True, 'requestedDeparture': 'Sat, 25 Jul 2020 00:53:27 GMT', 'kWhRequested': 5.8}]",000002213,2_39_129_17_2020-07-25 00:06:26.929323,2-39-129-17,CA-307,0002,0039,2020-07-24 17:06:27-07:00,2020-07-24 17:18:32-07:00,1.09,,America/Los_Angeles
91,5f31e68af9af8b66b9a795b9,"[{'userID': 1395, 'milesRequested': 30, 'WhPerMile': 250, 'minutesAvailable': 488, 'modifiedAt': 'Sat, 25 Jul 2020 15:49:44 GMT', 'paymentRequired': True, 'requestedDeparture': 'Sat, 25 Jul 2020 23:56:57 GMT', 'kWhRequested': 7.5}, {'userID': 1395, 'milesRequested': 30, 'WhPerMile': 250, 'minutesAvailable': 432, 'modifiedAt': 'Sat, 25 Jul 2020 15:50:59 GMT', 'paymentRequired': True, 'requestedDeparture': 'Sat, 25 Jul 2020 23:00:57 GMT', 'kWhRequested': 7.5}, {'userID': 1395, 'milesRequested': 30, 'WhPerMile': 250, 'minutesAvailable': 312, 'modifiedAt': 'Sat, 25 Jul 2020 19:35:17 GMT', 'paymentRequired': True, 'requestedDeparture': 'Sat, 25 Jul 2020 21:00:57 GMT', 'kWhRequested': 7.5}]",000001395,2_39_129_17_2020-07-25 15:48:56.704465,2-39-129-17,CA-307,0002,0039,2020-07-25 08:48:57-07:00,2020-07-25 15:33:31-07:00,6.453,,America/Los_Angeles
92,5f31e68af9af8b66b9a795ba,"[{'userID': 1085, 'milesRequested': 120, 'WhPerMile': 283, 'minutesAvailable': 432, 'modifiedAt': 'Sat, 25 Jul 2020 15:50:14 GMT', 'paymentRequired': True, 'requestedDeparture': 'Sat, 25 Jul 2020 23:01:07 GMT', 'kWhRequested': 33.96}, {'userID': 1085, 'milesRequested': 150, 'WhPerMile': 283, 'minutesAvailable': 432, 'modifiedAt': 'Sat, 25 Jul 2020 15:50:28 GMT', 'paymentRequired': True, 'requestedDeparture': 'Sat, 25 Jul 2020 23:01:07 GMT', 'kWhRequested': 42.45}]",000001085,2_39_128_18_2020-07-25 15:49:06.775371,2-39-128-18,CA-308,0002,0039,2020-07-25 08:49:07-07:00,2020-07-25 20:24:14-07:00,42.49,,America/Los_Angeles
93,5f31e68af9af8b66b9a795bb,,,2_39_131_30_2020-07-25 23:16:30.553618,2-39-131-30,CA-305,0002,0039,2020-07-25 16:16:31-07:00,2020-07-25 16:37:03-07:00,0.509,,America/Los_Angeles
94,5f33380df9af8b68a98afd29,"[{'userID': 1746, 'milesRequested': 100, 'WhPerMile': 350, 'minutesAvailable': 534, 'modifiedAt': 'Sun, 26 Jul 2020 18:19:49 GMT', 'paymentRequired': True, 'requestedDeparture': 'Mon, 27 Jul 2020 03:13:46 GMT', 'kWhRequested': 35.0}]",000001746,2_39_125_21_2020-07-26 18:19:45.779187,2-39-125-21,CA-311,0002,0039,2020-07-26 11:19:46-07:00,2020-07-26 12:05:04-07:00,2.454,,America/Los_Angeles
95,5f33380df9af8b68a98afd2a,"[{'userID': 1539, 'milesRequested': 20, 'WhPerMile': 290, 'minutesAvailable': 120, 'modifiedAt': 'Mon, 27 Jul 2020 01:43:30 GMT', 'paymentRequired': True, 'requestedDeparture': 'Mon, 27 Jul 2020 03:41:46 GMT', 'kWhRequested': 5.8}]",000001539,2_39_139_28_2020-07-27 01:41:45.990486,2-39-139-28,CA-303,0002,0039,2020-07-26 18:41:46-07:00,2020-07-26 19:19:36-07:00,1.353,,America/Los_Angeles
96,5f34898cf9af8b7e41ed99c9,"[{'userID': 3424, 'milesRequested': 150, 'WhPerMile': 280, 'minutesAvailable': 480, 'modifiedAt': 'Mon, 27 Jul 2020 16:57:38 GMT', 'paymentRequired': True, 'requestedDeparture': 'Tue, 28 Jul 2020 00:57:17 GMT', 'kWhRequested': 42.0}, {'userID': 3424, 'milesRequested': 50, 'WhPerMile': 280, 'minutesAvailable': 302, 'modifiedAt': 'Mon, 27 Jul 2020 16:58:07 GMT', 'paymentRequired': True, 'requestedDeparture': 'Mon, 27 Jul 2020 21:59:17 GMT', 'kWhRequested': 14.0}]",000003424,2_39_79_378_2020-07-27 16:57:17.208406,2-39-79-378,CA-326,0002,0039,2020-07-27 09:57:17-07:00,2020-07-27 11:16:03-07:00,8.554,,America/Los_Angeles
97,5f35db0bf9af8b01a79a82be,"[{'userID': 7675, 'milesRequested': 100, 'WhPerMile': 297, 'minutesAvailable': 288, 'modifiedAt': 'Tue, 28 Jul 2020 13:42:09 GMT', 'paymentRequired': True, 'requestedDeparture': 'Tue, 28 Jul 2020 18:09:47 GMT', 'kWhRequested': 29.7}]",000007675,2_39_91_437_2020-07-28 13:21:47.214626,2-39-91-437,CA-317,0002,0039,2020-07-28 06:21:47-07:00,2020-07-28 06:59:48-07:00,2.28,,America/Los_Angeles
98,5f35db0bf9af8b01a79a82bf,"[{'userID': 743, 'milesRequested': 100, 'WhPerMile': 250, 'minutesAvailable': 480, 'modifiedAt': 'Tue, 28 Jul 2020 21:40:54 GMT', 'paymentRequired': True, 'requestedDeparture': 'Wed, 29 Jul 2020 05:40:29 GMT', 'kWhRequested': 25.0}]",000000743,2_39_89_25_2020-07-28 21:40:28.550046,2-39-89-25,CA-315,0002,0039,2020-07-28 14:40:29-07:00,2020-07-28 17:12:47-07:00,4.984,,America/Los_Angeles
99,5f372c8bf9af8b03ab457d04,"[{'userID': 6952, 'milesRequested': 40, 'WhPerMile': 340, 'minutesAvailable': 329, 'modifiedAt': 'Wed, 29 Jul 2020 16:12:20 GMT', 'paymentRequired': True, 'requestedDeparture': 'Wed, 29 Jul 2020 21:41:20 GMT', 'kWhRequested': 13.6}]",000006952,2_39_91_437_2020-07-29 16:12:11.695692,2-39-91-437,CA-317,0002,0039,2020-07-29 09:12:20-07:00,2020-07-29 14:14:24-07:00,6.0,,America/Los_Angeles
100,5f372c8bf9af8b03ab457d05,,,2_39_127_19_2020-07-29 23:05:53.646092,2-39-127-19,CA-309,0002,0039,2020-07-29 16:05:54-07:00,2020-07-29 16:27:17-07:00,0.591,,America/Los_Angeles
101,5f387e0af9af8b05ad94ad9b,"[{'userID': 751, 'milesRequested': 100, 'WhPerMile': 340, 'minutesAvailable': 480, 'modifiedAt': 'Thu, 30 Jul 2020 20:38:14 GMT', 'paymentRequired': True, 'requestedDeparture': 'Fri, 31 Jul 2020 04:38:07 GMT', 'kWhRequested': 34.0}]",000000751,2_39_79_380_2020-07-30 20:38:07.486241,2-39-79-380,CA-489,0002,0039,2020-07-30 13:38:07-07:00,2020-07-30 17:22:23-07:00,4.657,,America/Los_Angeles
102,5f39cf8bf9af8b07c39cfd0f,"[{'userID': 5594, 'milesRequested': 100, 'WhPerMile': 250, 'minutesAvailable': 480, 'modifiedAt': 'Fri, 31 Jul 2020 18:01:37 GMT', 'paymentRequired': True, 'requestedDeparture': 'Sat, 01 Aug 2020 02:01:37 GMT', 'kWhRequested': 25.0}]",000005594,2_39_131_30_2020-07-31 17:57:59.470037,2-39-131-30,CA-305,0002,0039,2020-07-31 11:01:37-07:00,2020-07-31 20:27:17-07:00,6.423,2020-07-31 17:41:22-07:00,America/Los_Angeles
103,5f39cf8bf9af8b07c39cfd10,"[{'userID': 751, 'milesRequested': 100, 'WhPerMile': 340, 'minutesAvailable': 480, 'modifiedAt': 'Fri, 31 Jul 2020 20:16:23 GMT', 'paymentRequired': True, 'requestedDeparture': 'Sat, 01 Aug 2020 04:15:59 GMT', 'kWhRequested': 34.0}]",000000751,2_39_79_380_2020-07-31 20:15:59.042505,2-39-79-380,CA-489,0002,0039,2020-07-31 13:15:59-07:00,2020-07-31 15:53:09-07:00,4.087,,America/Los_Angeles
104,5f39cf8bf9af8b07c39cfd11,"[{'userID': 358, 'milesRequested': 100, 'WhPerMile': 310, 'minutesAvailable': 480, 'modifiedAt': 'Sat, 01 Aug 2020 00:28:09 GMT', 'paymentRequired': True, 'requestedDeparture': 'Sat, 01 Aug 2020 08:26:43 GMT', 'kWhRequested': 31.0}]",000000358,2_39_139_28_2020-08-01 00:26:43.140330,2-39-139-28,CA-303,0002,0039,2020-07-31 17:26:43-07:00,2020-07-31 18:50:39-07:00,7.933,2020-07-31 18:50:07-07:00,America/Los_Angeles
105,5f39cf8bf9af8b07c39cfd12,"[{'userID': 1539, 'milesRequested': 20, 'WhPerMile': 290, 'minutesAvailable': 120, 'modifiedAt': 'Sat, 01 Aug 2020 02:17:55 GMT', 'paymentRequired': True, 'requestedDeparture': 'Sat, 01 Aug 2020 04:16:32 GMT', 'kWhRequested': 5.8}]",000001539,2_39_139_28_2020-08-01 02:16:32.021183,2-39-139-28,CA-303,0002,0039,2020-07-31 19:16:32-07:00,2020-07-31 20:04:21-07:00,1.729,2020-07-31 20:04:16-07:00,America/Los_Angeles
106,5f3c728cf9af8b0c7b9c8a89,"[{'userID': 300, 'milesRequested': 100, 'WhPerMile': 440, 'minutesAvailable': 470, 'modifiedAt': 'Sun, 02 Aug 2020 12:30:52 GMT', 'paymentRequired': True, 'requestedDeparture': 'Sun, 02 Aug 2020 20:20:47 GMT', 'kWhRequested': 44.0}]",000000300,2_39_130_31_2020-08-02 12:30:47.006756,2-39-130-31,CA-306,0002,0039,2020-08-02 05:30:47-07:00,2020-08-02 11:11:36-07:00,28.87,2020-08-02 09:48:42-07:00,America/Los_Angeles
107,5f3dc40cf9af8b0e903d431b,"[{'userID': 1746, 'milesRequested': 100, 'WhPerMile': 350, 'minutesAvailable': 534, 'modifiedAt': 'Mon, 03 Aug 2020 15:49:08 GMT', 'paymentRequired': True, 'requestedDeparture': 'Tue, 04 Aug 2020 00:41:14 GMT', 'kWhRequested': 35.0}]",000001746,2_39_125_21_2020-08-03 15:47:14.458999,2-39-125-21,CA-311,0002,0039,2020-08-03 08:47:14-07:00,2020-08-03 09:45:14-07:00,3.144,2020-08-03 09:45:05-07:00,America/Los_Angeles
108,5f3dc40cf9af8b0e903d431c,"[{'userID': 489, 'milesRequested': 220, 'WhPerMile': 283, 'minutesAvailable': 634, 'modifiedAt': 'Mon, 03 Aug 2020 19:00:05 GMT', 'paymentRequired': True, 'requestedDeparture': 'Tue, 04 Aug 2020 05:33:36 GMT', 'kWhRequested': 62.26}]",000000489,2_39_131_30_2020-08-03 18:59:36.286040,2-39-131-30,CA-305,0002,0039,2020-08-03 11:59:36-07:00,2020-08-03 21:55:35-07:00,53.068,2020-08-03 20:38:55-07:00,America/Los_Angeles
109,5f3dc40cf9af8b0e903d431d,"[{'userID': 6952, 'milesRequested': 40, 'WhPerMile': 340, 'minutesAvailable': 329, 'modifiedAt': 'Mon, 03 Aug 2020 19:12:10 GMT', 'paymentRequired': True, 'requestedDeparture': 'Tue, 04 Aug 2020 00:41:11 GMT', 'kWhRequested': 13.6}]",000006952,2_39_91_437_2020-08-03 19:12:05.738685,2-39-91-437,CA-317,0002,0039,2020-08-03 12:12:11-07:00,2020-08-03 15:23:45-07:00,1.32,2020-08-03 12:40:36-07:00,America/Los_Angeles
110,5f3dc40cf9af8b0e903d431e,"[{'userID': 751, 'milesRequested': 100, 'WhPerMile': 340, 'minutesAvailable': 480, 'modifiedAt': 'Mon, 03 Aug 2020 22:02:13 GMT', 'paymentRequired': True, 'requestedDeparture': 'Tue, 04 Aug 2020 06:02:13 GMT', 'kWhRequested': 34.0}]",000000751,2_39_79_380_2020-08-03 22:02:01.464006,2-39-79-380,CA-489,0002,0039,2020-08-03 15:02:13-07:00,2020-08-03 15:29:53-07:00,1.724,2020-08-03 15:29:48-07:00,America/Los_Angeles
